{
  "Name": "AdvancedSampler",
  "Version": "1.0.0",
  "Factory Info": {
    "Vendor": "YourCompany",
    "URL": "https://yourcompany.com",
    "E-Mail": "",
    "Flags": {
      "Unicode": true,
      "Classes Discardable": false,
      "Component Non Discardable": false,
    },
  },
  "Classes": [
    {
      "CID": "ABCDEF019182FAEB4D616E7546337470",
      "Category": "Audio Module Class",
      "Name": "AdvancedSampler",
      "Vendor": "YourCompany",
      "Version": "1.0.0",
      "SDKVersion": "VST 3.7.12",
      "Sub Categories": [
        "Instrument",
        "Synth",
      ],
      "Class Flags": 2,
      "Cardinality": 2147483647,
      "Snapshots": [
      ],
    },
    {
      "CID": "ABCDEF011234ABCD4D616E7546337470",
      "Category": "Component Controller Class",
      "Name": "AdvancedSampler",
      "Vendor": "YourCompany",
      "Version": "1.0.0",
      "SDKVersion": "VST 3.7.12",
      "Sub Categories": [
        "Instrument",
        "Synth",
      ],
      "Class Flags": 2,
      "Cardinality": 2147483647,
      "Snapshots": [
      ],
    },
  ],
}
